country,count
India,2372
United States,108
Australia,35
United Kingdom,27
Canada,13
New Zealand,6
Thailand,6
Mauritius,6
Kenya,5
Malaysia,5
Myanmar,4
Netherlands,4
Guyana,4
Germany,3
Trinidad and Tobago,3
香港 Hong Kong,3
Nepal,3
Sri Lanka,3
Fiji,2
Zambia,2
Norway,2
South Africa,2
Suriname,2
Indonesia,2
Denmark,1
Taiwan,1
Kuwait,1
Cambodia,1
Sweden,1
Russia,1
France,1
Finland,1
Italy,1
Japan,1
Uganda,1
"Tanzania, United Republic of Tanzania",1
"Korea, Republic of South Korea",1
Belgium,1
Liberia,1
Singapore,1
